{"packages/cupertino_icons/assets/CupertinoIcons.ttf":["packages/cupertino_icons/assets/CupertinoIcons.ttf"],"assets/startPage/Group%201850.png":["assets/startPage/Group%201850.png"],"assets/startPage/Group%201851.png":["assets/startPage/Group%201851.png"],"assets/Group%202910.png":["assets/Group%202910.png"],"assets/Group%202910.svg":["assets/Group%202910.svg"],"assets/startPage/Group%202911.png":["assets/startPage/Group%202911.png"],"assets/startPage/Group%202912.png":["assets/startPage/Group%202912.png"],"assets/startPage/Group%202913.png":["assets/startPage/Group%202913.png"],"assets/IRANSans.ttf":["assets/IRANSans.ttf"],"assets/panel/Icon%20awesome-user-md.png":["assets/panel/Icon%20awesome-user-md.png"],"assets/panel/Icon%20awesome-user-md@2x.png":["assets/panel/Icon%20awesome-user-md@2x.png"],"assets/panel/Icon%20awesome-user-md@3x.png":["assets/panel/Icon%20awesome-user-md@3x.png"],"assets/home/Layer%202.png":["assets/home/Layer%202.png"],"assets/home/Layer%202@2x.png":["assets/home/Layer%202@2x.png"],"assets/home/Layer%202@3x.png":["assets/home/Layer%202@3x.png"],"assets/home/Layer%202_2.png":["assets/home/Layer%202_2.png"],"assets/home/Layer%202_2@2x.png":["assets/home/Layer%202_2@2x.png"],"assets/home/Layer%202_2@3x.png":["assets/home/Layer%202_2@3x.png"],"packages/flutter_credit_card/icons/amex.png":["packages/flutter_credit_card/icons/amex.png"],"assets/panel/appointment.png":["assets/panel/appointment.png"],"assets/panel/appointment@2x.png":["assets/panel/appointment@2x.png"],"assets/panel/appointment@3x.png":["assets/panel/appointment@3x.png"],"assets/avatar.png":["assets/avatar.png"],"assets/backgroundHome.png":["assets/backgroundHome.png"],"assets/noronioClinic/brain%20(1).png":["assets/noronioClinic/brain%20(1).png"],"assets/noronioClinic/brain%20(1)@2x.png":["assets/noronioClinic/brain%20(1)@2x.png"],"assets/noronioClinic/brain%20(1)@3x.png":["assets/noronioClinic/brain%20(1)@3x.png"],"assets/noronioClinic/brain.png":["assets/noronioClinic/brain.png"],"assets/noronioClinic/brain@2x.png":["assets/noronioClinic/brain@2x.png"],"assets/noronioClinic/brain@3x.png":["assets/noronioClinic/brain@3x.png"],"assets/account/brands-and-logotypes.png":["assets/account/brands-and-logotypes.png"],"assets/account/brands-and-logotypes@2x.png":["assets/account/brands-and-logotypes@2x.png"],"assets/account/brands-and-logotypes@3x.png":["assets/account/brands-and-logotypes@3x.png"],"assets/calendarCheck.svg":["assets/calendarCheck.svg"],"assets/capsule.svg":["assets/capsule.svg"],"assets/chatBox.svg":["assets/chatBox.svg"],"assets/chatSendBtn.svg":["assets/chatSendBtn.svg"],"assets/clinicPanel.svg":["assets/clinicPanel.svg"],"assets/cloud.svg":["assets/cloud.svg"],"assets/noronioClinic/cognitive.png":["assets/noronioClinic/cognitive.png"],"assets/noronioClinic/cognitive@2x.png":["assets/noronioClinic/cognitive@2x.png"],"assets/noronioClinic/cognitive@3x.png":["assets/noronioClinic/cognitive@3x.png"],"packages/flutter_credit_card/icons/discover.png":["packages/flutter_credit_card/icons/discover.png"],"assets/docUpHomeDoctor.svg":["assets/docUpHomeDoctor.svg"],"assets/docUpHomePatient.svg":["assets/docUpHomePatient.svg"],"assets/noronioClinic/doctor%20(1).png":["assets/noronioClinic/doctor%20(1).png"],"assets/noronioClinic/doctor%20(1)@2x.png":["assets/noronioClinic/doctor%20(1)@2x.png"],"assets/noronioClinic/doctor%20(1)@3x.png":["assets/noronioClinic/doctor%20(1)@3x.png"],"assets/panel/doctor.png":["assets/panel/doctor.png"],"assets/visitLists/doctor.png":["assets/visitLists/doctor.png"],"assets/doctor.svg":["assets/doctor.svg"],"assets/visitLists/doctor@2x.png":["assets/visitLists/doctor@2x.png"],"assets/panel/doctor@2x.png":["assets/panel/doctor@2x.png"],"assets/visitLists/doctor@3x.png":["assets/visitLists/doctor@3x.png"],"assets/panel/doctor@3x.png":["assets/panel/doctor@3x.png"],"assets/doctorAvatar.svg":["assets/doctorAvatar.svg"],"assets/visitLists/doctor_4@3x.png":["assets/visitLists/doctor_4@3x.png"],"packages/progress_dialog/assets/double_ring_loading_io.gif":["packages/progress_dialog/assets/double_ring_loading_io.gif"],"assets/down_arrow.svg":["assets/down_arrow.svg"],"assets/visitLists/file@2x.png":["assets/visitLists/file@2x.png"],"assets/visitLists/file@3x.png":["assets/visitLists/file@3x.png"],"assets/firstPanel.svg":["assets/firstPanel.svg"],"packages/flutter_credit_card/font/halter.ttf":["packages/flutter_credit_card/font/halter.ttf"],"assets/hand1.jpg":["assets/hand1.jpg"],"assets/homeBack.png":["assets/homeBack.png"],"assets/img1.png":["assets/img1.png"],"assets/img2.png":["assets/img2.png"],"assets/img3.png":["assets/img3.png"],"assets/lion.jpg":["assets/lion.jpg"],"assets/loading.gif":["assets/loading.gif"],"assets/location.png":["assets/location.png"],"assets/account/logo%20(1).png":["assets/account/logo%20(1).png"],"assets/account/logo%20(1)@2x.png":["assets/account/logo%20(1)@2x.png"],"assets/account/logo%20(1)@3x.png":["assets/account/logo%20(1)@3x.png"],"assets/logoCircle.png":["assets/logoCircle.png"],"assets/logoRec.png":["assets/logoRec.png"],"assets/logoTransparent.png":["assets/logoTransparent.png"],"assets/logoTransparentNeuronio.png":["assets/logoTransparentNeuronio.png"],"packages/flutter_credit_card/icons/mastercard.png":["packages/flutter_credit_card/icons/mastercard.png"],"assets/noronioClinic/mobile-game.png":["assets/noronioClinic/mobile-game.png"],"assets/noronioClinic/mobile-game@2x.png":["assets/noronioClinic/mobile-game@2x.png"],"assets/noronioClinic/mobile-game@3x.png":["assets/noronioClinic/mobile-game@3x.png"],"assets/neuronio-512x512.png":["assets/neuronio-512x512.png"],"packages/wakelock_web/assets/no_sleep.js":["packages/wakelock_web/assets/no_sleep.js"],"assets/ointment.svg":["assets/ointment.svg"],"assets/onCallIcon.svg":["assets/onCallIcon.svg"],"assets/panelIcon.svg":["assets/panelIcon.svg"],"assets/panelMenu.svg":["assets/panelMenu.svg"],"assets/panel/patient.png":["assets/panel/patient.png"],"assets/panel/patient@2x.png":["assets/panel/patient@2x.png"],"assets/panel/patient@3x.png":["assets/panel/patient@3x.png"],"assets/profileIcon.svg":["assets/profileIcon.svg"],"assets/home/request.png":["assets/home/request.png"],"assets/home/request@2x.png":["assets/home/request@2x.png"],"assets/home/request@3x.png":["assets/home/request@3x.png"],"assets/search.svg":["assets/search.svg"],"assets/servicesIcon.svg":["assets/servicesIcon.svg"],"assets/syrup.svg":["assets/syrup.svg"],"assets/team.svg":["assets/team.svg"],"assets/uploadPicTestImage.png":["assets/uploadPicTestImage.png"],"assets/uploadpic.png":["assets/uploadpic.png"],"assets/home/video-conference.png":["assets/home/video-conference.png"],"assets/home/video-conference@2x.png":["assets/home/video-conference@2x.png"],"assets/home/video-conference@3x.png":["assets/home/video-conference@3x.png"],"assets/home/video-conference_2.png":["assets/home/video-conference_2.png"],"assets/home/video-conference_2@2x.png":["assets/home/video-conference_2@2x.png"],"assets/home/video-conference_2@3x.png":["assets/home/video-conference_2@3x.png"],"packages/flutter_credit_card/icons/visa.png":["packages/flutter_credit_card/icons/visa.png"],"assets/whatsapp.svg":["assets/whatsapp.svg"]}